Workbook

Sheet 05.06.2026
B2: Region | C2: Distributor | D2: Customer PO | E2: SAP Code | F2: Desc | G2: Batch exp | H2: PCS (Lon) | I2: SO | J2: Type | K2: Request to DC | L2: OB | M2: Delivery date | N2: Carton (Thùng) | O2: Kg/Car | P2: Size Truck | Q2: Address | R2: DN
B3: South | C3: Hoang Le | D3: PO1-0626 | E3: 194403 | F3: APTAMIL PROFUTURA CESARBIOTIK IF 800G | G3: 2028.02.25 | H3: 7980 | I3: 43783746 | J3: AB | K3: 46178 | L3: 46179 | M3: 46179 | N3: =H3/_xlfn.XLOOKUP(E3,'Master data'!$B:$B,'Master data'!$D:$D) -> 1330 | O3: =_xlfn.XLOOKUP(E3,'Master data'!$B:$B,'Master data'!$H:$H) -> 6.2 | Q3: > Người liên hệ nhận hàng: Lê Viết Huấn - SĐT: 0795502058 > Nơi giao: Lô M7-M9-M11, Đường A, phường Cát Lái, Thành Phố Hồ Chí Minh
B4: South | C4: Hoang Le | D4: PO1-0626 | E4: 194404 | F4: APTAMIL PROFUTURA CESARBIOTIK FO 800G | G4: 2028.02.10 | H4: 6090 | I4: 43783746 | J4: AB | K4: 46178 | L4: 46179 | M4: 46179 | N4: =H4/_xlfn.XLOOKUP(E4,'Master data'!$B:$B,'Master data'!$D:$D) -> 1015 | O4: =_xlfn.XLOOKUP(E4,'Master data'!$B:$B,'Master data'!$H:$H) -> 6.2
B5: South | C5: Hoang Le | D5: PO1-0626 | E5: 194405 | F5: APTAKID PROFUTURA CESARBIOTIK GUM 800G | G5: 2028.03.06 | H5: 1890 | I5: 43783746 | J5: AB | K5: 46178 | L5: 46179 | M5: 46179 | N5: =H5/_xlfn.XLOOKUP(E5,'Master data'!$B:$B,'Master data'!$D:$D) -> 315 | O5: =_xlfn.XLOOKUP(E5,'Master data'!$B:$B,'Master data'!$H:$H) -> 6.2
B6: South | C6: Hoang Le | D6: PO1-0626 | E6: 194402 | F6: APTAMIL PROFUTURA CESARBIOTIK IF 380G | G6: 2028.03.09 | H6: 7296 | I6: 43783746 | J6: AB | K6: 46178 | L6: 46179 | M6: 46179 | N6: =H6/_xlfn.XLOOKUP(E6,'Master data'!$B:$B,'Master data'!$D:$D) -> 608 | O6: =_xlfn.XLOOKUP(E6,'Master data'!$B:$B,'Master data'!$H:$H) -> 6.15
G7: Total | H7: =SUM(H3:H6) -> 23256 | O7: =SUMPRODUCT(N3:N6,O3:O6)/1000 -> 20.2312 | P7: Ton
B10: Region | C10: Distributor | D10: Customer PO | E10: SAP Code | F10: Desc | G10: Batch exp | H10: PCS (Lon) | I10: SO | J10: Type | K10: Request to DC | L10: OB | M10: Delivery date | N10: Carton (Thùng) | O10: Kg/Car | P10: Size Truck | Q10: Address | R10: DN
B11: South | C11: Hoang Le | D11: PO2-0626 | E11: 194403 | F11: APTAMIL PROFUTURA CESARBIOTIK IF 800G | G11: 2028.02.25 | H11: 6090 | I11: 43785558 | J11: AB | K11: 46178 | L11: 46179 | M11: 46179 | N11: =H11/_xlfn.XLOOKUP(E11,'Master data'!$B:$B,'Master data'!$D:$D) -> 1015 | O11: =_xlfn.XLOOKUP(E11,'Master data'!$B:$B,'Master data'!$H:$H) -> 6.2 | Q11: > Người liên hệ nhận hàng: Lê Viết Huấn - SĐT: 0795502058 > Nơi giao: Lô M7-M9-M11, Đường A, phường Cát Lái, Thành Phố Hồ Chí Minh
B12: South | C12: Hoang Le | D12: PO2-0626 | E12: 194403 | F12: APTAMIL PROFUTURA CESARBIOTIK IF 800G | G12: 2028.02.25 | H12: 153 | I12: 43785558 | J12: C | K12: 46178 | L12: 46179 | M12: 46179 | N12: =H12/_xlfn.XLOOKUP(E12,'Master data'!$B:$B,'Master data'!$D:$D) -> 25.5 | O12: =_xlfn.XLOOKUP(E12,'Master data'!$B:$B,'Master data'!$H:$H) -> 6.2
B13: South | C13: Hoang Le | D13: PO2-0626 | E13: 194404 | F13: APTAMIL PROFUTURA CESARBIOTIK FO 800G | G13: 2028.02.10 | H13: 6090 | I13: 43785558 | J13: AB | K13: 46178 | L13: 46179 | M13: 46179 | N13: =H13/_xlfn.XLOOKUP(E13,'Master data'!$B:$B,'Master data'!$D:$D) -> 1015 | O13: =_xlfn.XLOOKUP(E13,'Master data'!$B:$B,'Master data'!$H:$H) -> 6.2
B14: South | C14: Hoang Le | D14: PO2-0626 | E14: 194404 | F14: APTAMIL PROFUTURA CESARBIOTIK FO 800G | G14: 2028.02.10 | H14: 228 | I14: 43785558 | J14: C | K14: 46178 | L14: 46179 | M14: 46179 | N14: =H14/_xlfn.XLOOKUP(E14,'Master data'!$B:$B,'Master data'!$D:$D) -> 38 | O14: =_xlfn.XLOOKUP(E14,'Master data'!$B:$B,'Master data'!$H:$H) -> 6.2
B15: South | C15: Hoang Le | D15: PO2-0626 | E15: 194405 | F15: APTAKID PROFUTURA CESARBIOTIK GUM 800G | G15: 2028.03.06 | H15: 1470 | I15: 43785558 | J15: AB | K15: 46178 | L15: 46179 | M15: 46179 | N15: =H15/_xlfn.XLOOKUP(E15,'Master data'!$B:$B,'Master data'!$D:$D) -> 245 | O15: =_xlfn.XLOOKUP(E15,'Master data'!$B:$B,'Master data'!$H:$H) -> 6.2
B16: South | C16: Hoang Le | D16: PO2-0626 | E16: 194405 | F16: APTAKID PROFUTURA CESARBIOTIK GUM 800G | G16: 2028.03.06 | H16: 542 | I16: 43785558 | J16: C | K16: 46178 | L16: 46179 | M16: 46179 | N16: =H16/_xlfn.XLOOKUP(E16,'Master data'!$B:$B,'Master data'!$D:$D) -> 90.333333 | O16: =_xlfn.XLOOKUP(E16,'Master data'!$B:$B,'Master data'!$H:$H) -> 6.2
G17: Total | H17: =SUM(H11:H16) -> 14573 | O17: =SUMPRODUCT(N11:N16,O11:O16)/1000 -> 15.058767 | P17: Ton

Sheet Master data
A1: ` | N1: Truck-2 tons | P1: Truck-3 tons | R1: Truck-5 tons | T1: Truck-8 tons | V1: Con't-20 ft load 20,000 kg | X1: Con't-40 ft load 25,000 kg | Z1: Remark
A2: Stt | B2: item code | C2: Item Description | D2: Tin/Cartons | E2: Ctn (Thùng carton) | F2: Pcs/ (1 Pallet) | G2: Kg/pcs (Net) | H2: Kg/Carton (Gross) | I2: Total (Net kg/Pallet) | J2: Total (Gross kg/Pallet) | K2: Length (mm) | L2: Width (mm) | M2: Height của pallet (mm) | N2: Qty Pallet | O2: Total weight | P2: Qty Pallet | Q2: Total weight | R2: Qty Pallet | S2: Total weight | T2: Qty Pallet | U2: Total weight | V2: Qty Pallet | W2: Total weight | X2: Qty Pallet | Y2: Total weight
A3: 1 | B3: 194403 | C3: APTAMIL PROFUTURA CESARBIOTIK IF 800G (44 pallet=> 1 cont), 70 cartons, 1 carton x6tin | D3: 6 | E3: 70 | F3: 420 | G3: 0.8 | H3: 6.2 | I3: =ROUND(F3*G3,0) -> 336 | J3: =H3*F3 -> 2604 | K3: 1200 | L3: 1000 | M3: 1400 | N3: 5 | O3: =N3*J3 -> 13020 | P3: 7 | Q3: =P3*J3 -> 18228 | R3: 11 | S3: =R3*J3 -> 28644 | T3: 19 | U3: =T3*J3 -> 49476 | V3: 40 | W3: =J3*V3 -> 104160 | X3: 58 | Y3: =J3*X3 -> 151032
A4: 2 | B4: 194404 | C4: APTAMIL PROFUTURA CESARBIOTIK FO 800G (44 pallet=> 1 cont), 70 cartons, 1 carton x6tin | D4: 6 | E4: 70 | F4: 420 | G4: 0.8 | H4: 6.2 | I4: =ROUND(F4*G4,0) -> 336 | J4: =ROUND(F4*H4,0) -> 2604 | K4: 1200 | L4: 1000 | M4: 1400 | N4: 5 | O4: =N4*J4 -> 13020 | P4: 7 | Q4: =P4*J4 -> 18228 | R4: 11 | S4: =R4*J4 -> 28644 | T4: 19 | U4: =T4*J4 -> 49476 | V4: 40 | W4: =J4*V4 -> 104160 | X4: 58 | Y4: =J4*X4 -> 151032
A5: 3 | B5: 194405 | C5: APTAKID PROFUTURA CESARBIOTIK GUM 800G (44 pallet=> 1 cont), 70 cartons, 1 carton x6tin | D5: 6 | E5: 70 | F5: 420 | G5: 0.8 | H5: 6.2 | I5: =ROUND(F5*G5,0) -> 336 | J5: =ROUND(F5*H5,0) -> 2604 | K5: 1200 | L5: 1000 | M5: 1400 | N5: 5 | O5: =N5*J5 -> 13020 | P5: 7 | Q5: =P5*J5 -> 18228 | R5: 11 | S5: =R5*J5 -> 28644 | T5: 19 | U5: =T5*J5 -> 49476 | V5: 40 | W5: =J5*V5 -> 104160 | X5: 58 | Y5: =J5*X5 -> 151032
A6: 4 | B6: 194402 | C6: APTAMIL PROFUTURA CESARBIOTIK IF 380G | D6: 12 | E6: 56 | F6: 672 | G6: 0.38 | H6: 6.15 | I6: =ROUND(F6*G6,0) -> 255 | J6: =ROUND(F6*H6,0) -> 4133 | K6: 1200 | L6: 1000 | M6: 945 | N6: 6 | O6: =N6*J6 -> 24798 | P6: 9 | Q6: =P6*J6 -> 37197 | R6: 12 | S6: =R6*J6 -> 49596 | T6: 24 | U6: =T6*J6 -> 99192 | V6: 40 | W6: =J6*V6 -> 165320 | X6: 70 | Y6: =J6*X6 -> 289310
A7: 5 | B7: 181858 | C7: APTAMIL PROFUTURA DUOBIOTIK 1, 6X800G (19 pallet=> 1 cont) | D7: 6 | E7: 60 | F7: 360 | G7: 0.8 | H7: 6.4 | I7: =ROUND(F7*G7,0) -> 288 | J7: =ROUND(F7*H7,0) -> 2304 | K7: 1200 | L7: 1000 | M7: 1710 | N7: 5 | O7: =N7*J7 -> 11520 | P7: 8 | Q7: =P7*J7 -> 18432 | R7: 13 | S7: =R7*J7 -> 29952 | T7: 21 | U7: =T7*J7 -> 48384 | V7: 40 | W7: =J7*V7 -> 92160 | X7: 65 | Y7: =J7*X7 -> 149760
A8: 6 | B8: 181857 | C8: APTAMIL PROFUTURA DUOBIOTIK 2, 6X800G (19 pallet=> 1 cont) | D8: 6 | E8: 60 | F8: 360 | G8: 0.8 | H8: 6.4 | I8: =ROUND(F8*G8,0) -> 288 | J8: =ROUND(F8*H8,0) -> 2304 | K8: 1200 | L8: 1000 | M8: 1710 | N8: 5 | O8: =N8*J8 -> 11520 | P8: 8 | Q8: =P8*J8 -> 18432 | R8: 13 | S8: =R8*J8 -> 29952 | T8: 21 | U8: =T8*J8 -> 48384 | V8: 40 | W8: =J8*V8 -> 92160 | X8: 65 | Y8: =J8*X8 -> 149760
I11: Dimensions
I12: Dimensions
D13: =6.15/12 -> 0.5125 | H13: No. | I13: Type Truck | J13: Length (mm) | K13: Width (mm) | L13: Height (mm) | N13: Rate Length | Q13: Rate Width | R13: Rate Hight | U13: Pallet | V13: Length | W13: Width | X13: Length | Y13: Width | AA13: Legngth excess | AB13: Width excess
H14: 1 | I14: 2 tons | J14: 4220 | K14: 1720 | L14: 1780 | N14: =J14/$K$8 -> 3.5166667 | Q14: =K14/$L$8 -> 1.72 | R14: =L14/$M$8 -> 1.0409357 | U14: 3 | V14: =U14*$K$8 -> 3600 | W14: =$L$8 -> 1000 | X14: =W14*$K$8 -> 1200000 | Y14: =$L$8 -> 1000 | AA14: =J14-V14 -> 620 | AB14: =K14-W14 -> 720 | AE14: =AA14/J14 -> 0.14691943 | AF14: =AB14/K14 -> 0.41860465
H15: 2 | I15: 5 tons | J15: 5700 | K15: 2135 | L15: 2500 | N15: =J15/$K$8 -> 4.75 | Q15: =K15/$L$8 -> 2.135 | R15: =L15/$M$8 -> 1.4619883 | U15: 4 | V15: =U15*$K$8 -> 4800 | W15: =$L$8 -> 1000 | X15: =W15*$K$8 -> 1200000 | Y15: =$L$8 -> 1000 | AA15: =J15-V15 -> 900 | AB15: =K15-W15 -> 1135 | AE15: =AA15/J15 -> 0.15789474 | AF15: =AB15/K15 -> 0.53161593
H16: 3 | I16: 8 tons | J16: 6900 | K16: 2350 | L16: 2500 | N16: =J16/$K$8 -> 5.75 | Q16: =K16/$L$8 -> 2.35 | R16: =L16/$M$8 -> 1.4619883 | U16: 10 | V16: =U16*$K$8 -> 12000 | W16: =$L$8 -> 1000 | X16: =W16*$K$8 -> 1200000 | Y16: =$L$8 -> 1000 | AA16: =J16-V16 -> -5100 | AB16: =K16-W16 -> 1350 | AC16: => pick and pack with 6 pallets which has the size 1200x1000 to be full the capacity | AE16: =AA16/J16 -> -0.73913043 | AF16: =AB16/K16 -> 0.57446809
H17: 4 | I17: Cont 40ft | J17: 12000 | K17: 2330 | L17: 2600 | N17: =J17/$K$8 -> 10 | Q17: =K17/$L$8 -> 2.33 | R17: =L17/$M$8 -> 1.5204678 | U17: 20 | V17: =U17*$K$8 -> 24000 | W17: =$L$8 -> 1000 | X17: =W17*$K$8 -> 1200000 | Y17: =$L$8 -> 1000 | AA17: =J17-V17 -> -12000 | AB17: =K17-W17 -> 1330 | AC17: => pick and pack with 10 pallets which has the size 1200x1000 to be full the capacity | AE17: =AA17/J17 -> -1 | AF17: =AB17/K17 -> 0.57081545
AC19: % pick carton | AD19: =ROUNDDOWN(AVERAGE(AF19:AG19),1) -> 0 | AF19: =AVERAGE(AE14:AE17) -> -0.35857907 | AG19: =AVERAGE(AF14:AF17) -> 0.52387603

Sheet PO1-0626
B3: Status | C3: Area | D3: Distributor | E3: Customer PO | F3: SAP Code | G3: Desc | H3: Batch | I3: QTY (tins) | J3: QTY (cs) | K3: SO | L3: Remark
B4: PO confirmed | C4: South | D4: Hoang Le | E4: PO1-0626 | F4: 194403 | G4: APTAMIL PROFUTURA CESARBIOTIK IF 800G | H4: 2028.02.25 | I4: 7980 | J4: 1,330.00 | K4: 43783746 | L4: AB
B5: PO confirmed | C5: South | D5: Hoang Le | E5: PO1-0626 | F5: 194404 | G5: APTAMIL PROFUTURA CESARBIOTIK FO 800G | H5: 2028.02.10 | I5: 6090 | J5: 1,015.00 | K5: 43783746 | L5: AB
B6: PO confirmed | C6: South | D6: Hoang Le | E6: PO1-0626 | F6: 194405 | G6: APTAKID PROFUTURA CESARBIOTIK GUM 800G | H6: 2028.03.06 | I6: 1890 | J6: 315.00 | K6: 43783746 | L6: AB
B7: PO confirmed | C7: South | D7: Hoang Le | E7: PO1-0626 | F7: 194402 | G7: APTAMIL PROFUTURA CESARBIOTIK IF 380G | H7: 2028.03.09 | I7: 7296 | J7: 608.00 | K7: 43783746 | L7: AB

Sheet PO2-0626
B3: Status | C3: Area | D3: Distributor | E3: Customer PO | F3: SAP Code | G3: Desc | H3: Batch | I3: QTY (tins) | J3: QTY (cs) | K3: SO | L3: Remark
B4: PO confirmed | C4: South | D4: Hoang Le | E4: PO2-0626 | F4: 194403 | G4: APTAMIL PROFUTURA CESARBIOTIK IF 800G | H4: 2028.02.25 | I4: 6090 | J4: 1,015.00 | K4: 43785558 | L4: AB
B5: PO confirmed | C5: South | D5: Hoang Le | E5: PO2-0626 | F5: 194403 | G5: APTAMIL PROFUTURA CESARBIOTIK IF 800G | H5: 2028.02.25 | I5: 153 | J5: 25.50 | K5: 43785558 | L5: C
B6: PO confirmed | C6: South | D6: Hoang Le | E6: PO2-0626 | F6: 194404 | G6: APTAMIL PROFUTURA CESARBIOTIK FO 800G | H6: 2028.02.10 | I6: 6090 | J6: 1,015.00 | K6: 43785558 | L6: AB
B7: PO confirmed | C7: South | D7: Hoang Le | E7: PO2-0626 | F7: 194404 | G7: APTAMIL PROFUTURA CESARBIOTIK FO 800G | H7: 2028.02.10 | I7: 228 | J7: 38.00 | K7: 43785558 | L7: C
B8: PO confirmed | C8: South | D8: Hoang Le | E8: PO2-0626 | F8: 194405 | G8: APTAKID PROFUTURA CESARBIOTIK GUM 800G | H8: 2028.03.06 | I8: 1470 | J8: 245.00 | K8: 43785558 | L8: AB
B9: PO confirmed | C9: South | D9: Hoang Le | E9: PO2-0626 | F9: 194405 | G9: APTAKID PROFUTURA CESARBIOTIK GUM 800G | H9: 2028.03.06 | I9: 542 | J9: 90.33 | K9: 43785558 | L9: C

Sheet List address
B2: Hoàng Lê HN | C2: > Người liên hệ nhận hàng: Phạm Đăng Trung - SĐT: 0974003928 > Nơi giao: Kho E11, 934 Bạch Đằng, Phường Vĩnh Tuy, Hà Nội
B3: Hoàng Lê ĐN | C3: > Người liên hệ nhận hàng: Hà Giang - SĐT: 0989594445 > Nơi giao: 38 Hoàng Văn Thái, Phường Hoà Khánh, TP Đà Nẵng
B4: Hoàng Lê Cát Lái | C4: > Người liên hệ nhận hàng: Lê Viết Huấn - SĐT: 0795502058 > Nơi giao: Lô M7-M9-M11, Đường A, phường Cát Lái, Thành Phố Hồ Chí Minh
B5: Onpoint HCM | C5: > Người liên hệ nhận hàng: Anh Hiệp - SĐT: 0777288000 > Nơi giao: Kho ODN Q7, Số 21 đường D1 khu chế xuất Tân Thuận, Phường Tân Thuận, TP HCM | D5: > Người liên hệ nhận hàng: Mr. Khôi - SĐT: 0336830714 > Nơi giao: Kho xưởng số 9 tại cụm 2, đường M14 – KCN Tân Bình mở rộng, phường Bình Hưng Hòa, quận Bình Tân, TP. Hồ Chí Minh
B6: Onpoint HN | C6: > Người liên hệ nhận hàng: Nguyễn Thị Thanh - SĐT: 0919536289 > Nơi giao: Đường CN7 cụm công nghiệp vừa và nhỏ Từ Liêm, xã Dương Hòa, TP Hà Nội | D6: > Người liên hệ nhận hàng: Ms. Huyền Vũ - SĐT: 0349608539 > Nơi giao: Tổ 28, Thị trấn Đông Anh, huyện Đông Anh, TP. Hà Nội
B7: Hoàng Đức | C7: > Người liên hệ nhận hàng: Nguyễn Anh Thư - SĐT: 0354872281 > Nơi giao: Lô N-1c, đường số 04, KCN Long Hậu mở rộng, xã Cần Giuộc, tỉnh Tây Ninh.
